X1,X2,X3,X4,X5,X6,X7,X8,X9,X10
0.997504803246271,0.272162137730051,2.2708432517585,2.09164843928049,-2.57678021245974,3.41715423710843,-0.480274410237068,0.41322609268506,1.14977244609144,-1.02513980147076
-3.61372290951382,-2.89620159510314,-0.763241436343092,-0.419917453771929,0.787221491383914,-2.26052931658567,3.14218450007137,0.0342401792668219,0.0617313995076991,-1.24461858204083
-6.07176805180125,-3.84629673708542,-4.00399316221014,-0.986618383823061,1.28860488427643,-6.36286103119032,0.74124092709324,-4.52250174750785,-6.00567647002189,0.635697901564743
2.81084097678273,4.377755947137,-0.194294760243088,-1.32216656840353,0.983050008281822,0.123584934099897,-3.26849441400335,1.58535321435199,-0.238109017372654,2.93040364843782
-3.2057387301783,-2.24625063323558,-2.25956957798836,-2.10547358352537,2.20121143938875,-2.8030390500573,3.70841734212581,-0.690477552321936,0.906118049141595,-1.70843868431076
-2.27718542174782,-1.52894829078503,-3.59397863539884,-2.08467126759346,3.61870729135752,-6.79491444555294,0.270831033993496,-1.23852613068148,-3.61302500837758,3.34754407091536
0.411644900933616,0.264391601621792,-0.128923599937911,-0.409707487934638,-0.402194934511188,-0.039675494880097,1.24062120662557,-0.293947948064744,0.608857025352008,0.92024748658094
1.54905120273133,4.16285607146268,-0.422437187753736,-4.66611925473501,4.97706031287818,-2.39743475273112,2.27679743221749,3.11101900411006,2.48442488866278,2.01249846364877
3.09589191580291,4.58703878997892,-2.46199745940951,-4.56103143654061,5.89312698417368,-6.11463141963725,-1.56379958721171,1.94007962727756,-0.543251647631999,4.77657931221662
-1.46594829285478,-2.52097024846309,0.202179364365409,2.19908994873379,-3.42773700017023,0.509022565888702,-1.3313271297952,-3.24408765913842,-3.17957764489446,-0.352506272540898
0.483106896308086,-1.16697250448958,1.37074783031139,-4.14632206775975,3.75362046415636,2.00589000418087,8.6373627874765,6.65003631063378,9.2232890989663,-3.33736302003314
-2.23921156781455,-2.88587298068946,0.102222538792753,1.81223967816141,-2.0000900747949,-0.188069168348282,0.912897140555063,-1.71307974006153,-1.10661731591612,-1.40163771083739
-0.928278998818264,0.243780190097009,1.25065153915943,2.10081515746048,-0.794563973385018,1.25247419051218,-0.895541071453654,-2.39956547872818,-1.5889247313672,0.581832680817736
1.79633129466381,5.85099446880772,-3.79315777246703,-3.99269987542785,4.57029713651758,-7.17247876189365,-7.06730693188787,-2.48340380115164,-7.70252647866325,7.8363660241272
1.68219854233789,2.15662566207306,-0.460752759472422,-0.422581335830165,1.15206627910697,-2.57215712935008,-3.0382070113905,-0.653993407470132,-3.3737172799641,3.14254542882276
3.82100564510896,3.40736057624717,3.1080909625126,3.13730013616423,-2.06719789554692,4.28694611178859,-3.73634271314182,-0.225973509558566,-0.112303188372795,0.561144783381551
1.05814360538874,3.70510701470024,-2.35079493631774,-3.28937685464114,4.76105957558864,-3.83174661012578,-1.09965239533974,2.08484289249127,-0.637634005924696,4.13936924852939
0.61342205645752,2.0365342418931,-1.48185551582901,-0.548285392018699,1.11885435215827,-2.0122847644152,-4.54015370902845,-1.5904993953413,-2.7882635140363,2.21136312061494
-3.52432002024235,-2.96713551340094,-1.95243448260861,0.349149566373827,-0.0130448391577744,-2.70341435191938,1.92254232890928,-1.14567463009082,-1.87316624210585,0.240093794501717
-1.31576161256497,-1.35429188662093,-1.33212350813351,-2.34682713603484,2.87480993133403,-2.62298740798388,2.7977524451757,1.81353200847048,1.07512654053415,0.22510608637295
-1.44460347294084,-1.62375005159978,-1.59644554533256,0.968955805756325,0.648810700917135,-3.0348141844609,-2.05329468828584,-2.80765670007379,-4.13314284530789,1.64206843218253
-2.43023529524394,-2.6377736757524,-0.589509180958974,2.92142130972242,-2.56832931807951,-0.245635100992765,-2.60270109699519,-3.86166273406779,-5.12203588392469,-0.813271405060313
8.30149824839165,7.51655118111274,3.31113622160482,-0.251243775032387,-0.688541061459383,5.80744020840737,-5.52228645109206,2.57693225259609,0.405052135920985,3.22303785364229
-0.902982853218959,0.840238832009456,-0.728105791808323,1.22392623749791,0.366315424815357,-0.980080603796976,-1.11682460209121,-1.76854020466033,-2.05949860952369,0.354206338873373
5.53015470321286,6.7707099214167,-0.0865024082178168,-1.40787503395563,2.46014029432671,-0.683969368913278,-5.39029351474877,1.906370417612,-1.11583835546161,4.30781710477465
1.04393341011298,1.27625836357782,0.3400560862395,0.783733547011684,-0.327840128118523,0.606838082192426,-2.36426503965761,-0.713341946740186,-1.37099422578936,0.726884927669
2.10387418950877,3.42921454563772,-0.242180735137648,0.268179249313724,-1.10945767772256,-1.39746484470314,-4.39880519956325,-0.981865808942072,-2.89031340721744,3.94618780904224
0.0265670839051724,2.30784328984575,-3.34410823493368,-1.21331655473479,2.64324458688359,-5.64903933251138,-3.32867522845967,-1.25697143243632,-4.10145515335078,4.94989850798654
0.794927053463638,1.95740877633076,-0.227159800109499,0.147632893459242,-0.259724716947758,0.354442131092463,-1.42061082249503,0.635598401761891,-1.56403139483328,1.36336996829745
-0.0987097283564024,-0.78373787778674,-1.76958790182243,-1.28446638662204,2.0130902423275,-2.52370928155915,-0.424822302807201,0.752463641602744,-0.782055795998045,1.00142443058294
-1.79815557894407,-1.91940760999616,1.16131864517142,2.96269806436271,-3.95397996530562,1.75316858659536,-1.64019073227123,-2.97875470800185,-1.87616548553961,-1.00645640313892
1.90418019130573,0.873023902498848,0.202581129137906,-3.81917833270931,3.85026349844376,-0.566370177209875,6.30056926302205,4.97809282758681,6.1139820249305,-1.15177022891323
-2.03729018791895,-0.725503997290914,-2.37468357081173,2.59313856431767,-0.676208166722233,-3.47753116283522,-3.57838980395295,-4.38538873613917,-5.32943121014247,3.60949821022115
-5.49914487655151,-5.21473154037262,-3.62690334876201,0.796549700380377,1.48388342071532,-4.40336034853758,1.17255065319296,-3.62599970582217,-3.95020298838544,1.0833180443235
0.46013850694783,-1.18229881229559,2.85499436998508,-1.45221996179637,0.0958435973093512,4.47365362013038,5.4812871752617,4.36112407104323,7.15203510644986,-5.05852017170435
-6.57819287547658,-5.68204061268006,-2.68353401195057,0.985044094287922,0.481078727824914,-4.22414227752106,2.98386702016243,-2.78606625115967,-2.00846011700063,-1.04545870238608
3.65431908527844,3.8189929658608,-0.394805212020078,-4.99424073836084,5.37591915735004,-0.365864070022627,3.99652059315111,6.62083605507992,6.07444097895399,0.0987238398257382
2.92198720152214,2.51199422309845,2.17547585214821,0.172345203436407,-0.464948594002602,2.48818029393819,-1.16405056905535,1.27107031898974,2.83668007176931,-0.255086822128849
5.64998109504754,5.21254127377947,0.728019105579486,-0.0944117364286655,0.493772407159076,2.67159309456268,-4.16016483304061,1.20904980963562,-0.668968758352165,2.22542750775216
-1.46641600944704,-0.802102746512482,0.125265142299332,3.34771194507199,-2.29552648208963,0.21748192740301,-4.12793169855507,-4.06761301521635,-4.85818192744739,0.706873670020458
-7.62589623513511,-7.53183084440112,-3.59027891477048,0.0288110582764655,0.17355457443854,-6.26146072112575,4.51797387206165,-3.76597307019627,-2.39689308445609,-1.68013322718231
2.97493219007891,4.50331843092329,-1.79304735290169,-4.66160139834516,4.50204390773409,-1.63540561025231,1.23490897868966,5.11201270894429,3.69006283757002,2.58955252592288
-0.65328266369395,-0.590835050414281,-1.74620406016272,-2.05043568966894,2.71372141638073,-3.81484171696216,1.20913594319195,-0.139129860597859,-1.03859230293457,1.22400638508597
4.33663974381024,6.27046766072858,-0.581602379070414,-1.7989615430929,3.3147784650086,0.137735847287641,-2.56479584314917,2.03634136856543,0.0546135037707737,4.15145704070892
8.13669038384859,8.50546423646471,2.53310975489589,1.39683143411252,-0.576616716153198,4.46153119527681,-7.20865168676966,0.593356633944518,-1.51963645069828,3.45992950677507
1.35361276295948,1.4613399478503,-0.900022188837764,-1.26851613552731,2.05072085712072,-1.01915257609199,-0.772898507163577,1.08615714965562,-0.257019335272879,1.06341659654025
-1.3799796390853,0.640218692474083,-1.06233913328325,-0.970670641322898,0.98593477781073,-2.0276629239048,-0.290064920402865,-0.446581668229093,-0.454744775214526,1.48291438145327
-0.627001913671847,-1.03780751780772,0.00746645061364825,0.36367133123594,0.196996629138028,0.949900828695709,1.01721540263286,-0.00791693543747421,0.731776382240303,-1.15686533935695
2.2178773145416,0.833975121315946,2.11212940973675,1.0787905611468,-2.14558833996159,4.1629953578978,0.698359862437891,0.364104295355555,1.79572706872618,-1.90062645045661
-1.54642440001868,-3.19913452642665,0.846903865116365,2.02928224189689,-2.20280491319938,2.27716521768857,2.03855650052434,-0.819905196842977,0.671577423396594,-2.49110405481442
-2.43348500395281,-1.07483935687381,-2.42999205351691,-2.56131086616877,2.10620378100623,-5.40100912571448,1.42964094711999,-0.767161048010713,-2.61705361920651,1.72345323721412
0.430988988326348,0.970746465717533,-0.07491901660625,0.20899584874959,-0.572376437060322,0.0679148605444359,-0.540314569069455,0.35539933820754,0.148270498830628,-0.244536539045017
5.58733321345125,6.68918330399361,0.118939874336439,-2.19322184928495,2.11352717698775,-0.151242930511973,-4.74104953908279,2.08511680934597,1.03960136596225,3.76977246514604
2.9295875111312,1.10078225672137,1.7103790933773,3.43200356721575,-3.85276605572462,5.55287651894926,-1.41821182878633,-0.452246961066069,1.5705946168065,-0.242123279854035
0.263466515595384,-1.33723534508746,2.19199944183704,1.0723572986519,-1.27991402004051,3.48109559614417,2.4554761170135,0.835874987269287,1.89920770263578,-2.44495662783348
-2.28912152904026,-6.11754967013967,5.05477693352458,5.98951947175614,-7.58954168958104,8.88702910259198,2.33870661159883,-0.613204670520918,4.19494452601902,-7.58528988849673
1.18878723359666,0.536847679204625,0.65038424310633,2.88735504725265,-2.99272417313078,1.5966411165294,-3.55315294836444,-2.35808234815022,-1.97955529636752,0.481963261459999
3.53431742706169,3.92846550175384,-0.607768397791731,-5.17959482454397,4.70966137983069,-2.88694409869962,1.58513161528422,4.62876195170384,3.56567280726926,1.60409092062082
-2.22924182238194,-2.66697973323699,0.24330261711061,2.66158842788533,-3.00831931286716,1.49102144971577,-0.899354096255534,-4.06464567191861,-2.52762998457831,-1.48274411618938
0.120901215330257,0.00494991842609907,-0.324208756214365,0.876878496373656,-0.889764424602275,-1.6768227196786,-1.64320060519402,-1.65628300967273,-2.38801505153625,1.64178515198208
2.59205668976895,4.58474204033129,-4.63339823829326,-9.83158923720745,9.77699900511431,-8.77509940529639,5.04912875982516,4.64197067287958,2.4866947634514,3.43901872648509
3.10202308033257,2.47625806526449,-0.28812071316104,-2.67199093038368,2.91622803907803,0.213079918347537,0.72036240961557,3.22092320836557,1.60202306902166,0.885053180377786
0.938255662705801,0.987103034369997,1.48284572283831,2.60290711451685,-2.37267813362982,2.18323010782539,-1.65930206230245,-0.447761135137119,-1.40758571772826,-1.0287755958433
2.18615847368415,4.00920343530211,-0.489325342758012,-3.95701225678347,4.44962049824557,-3.13236351809155,-1.16204535686507,2.25435976240014,-0.14755252623063,3.35663613936507
-1.27815787738184,-1.58405413889493,-1.97537432455122,-1.15712024610811,1.44928424376724,-3.65238787798272,0.530672471674981,-1.44451888561962,-1.76621681462512,1.38577180702778
-1.36145463399473,-0.873373085387385,-1.63497839898068,-1.26433901260486,1.29433316820091,-1.37269576589229,0.878055953958471,-1.55724852725983,-0.655913319541571,0.538160484543889
2.41657065744901,4.14831231317374,-1.49877134611072,-2.08303271452715,4.05928231506957,-2.32582396258907,-0.353278380263164,1.99694690550059,0.425891939251431,2.6658027586759
1.92077532856076,4.33537130297882,-1.02031722300999,-4.96897299169653,5.27292095570269,-3.69896302396872,1.39984269234752,3.20663167408533,0.984916057130413,4.0220462115345
3.5592291310577,2.25110534558999,0.406510472594785,2.60331787926116,-2.49166196179579,1.4775695711864,-6.89801373026121,-3.39374955412798,-2.40471505289477,0.855442655669688
1.61427532063965,4.05570338678196,-2.98089457465921,-0.378275102318976,-0.132395845589923,-4.99737376797233,-8.52793173624116,-3.88169265951023,-7.18455087436259,6.38434992424668
0.0180968267162801,-0.0229568342663561,1.23985721050256,3.6072414550164,-3.93056165568891,3.17024551601603,-2.72484540671264,-2.45266885048621,-1.36417680173481,-0.683093527990967
0.0149541493630551,-0.377308129065134,-1.5234848457871,-0.23910967897708,0.462482419282179,-1.4834901167206,-2.58411860205451,-1.82785306655704,-1.57636392910471,1.99631805927602
1.64144192907569,1.57942443107493,1.18743846295463,-1.69652428060292,1.16700517154114,0.834881547075971,1.92572754713509,3.92381121057116,3.68722750095871,-0.797387989539689
0.563942544269535,2.67491689031239,-3.04348345442933,-1.82400632654892,2.78788763127914,-5.44189563227976,-2.44650196706325,-1.55089543653901,-2.69638805191323,4.03906569737313
1.53245709268924,1.50527972921812,-1.57613946788329,-3.51976745838371,3.92467139597232,-3.74120991884672,1.02422919677244,2.86150486068928,0.0628957565387935,2.28696767550168
0.96410621518828,0.523941722386732,-1.40198391511494,-5.70392112671882,6.03533345906266,-0.947707775661837,10.4031176802746,7.47522280007383,8.85355933471698,-2.80802708678024
5.31142912499024,5.86156764540763,2.10978404371683,-1.03891074450911,1.39295749353229,2.2135013378835,-3.16439324560132,3.3859446568468,1.11604499143827,1.65465212878894
-0.440269795283028,-1.26479427397122,2.49613076950159,2.60647086809049,-2.29562571026747,4.2058502527197,1.83666487455557,0.937623180603673,1.85329758842357,-3.29789158398561
-1.16609693252174,-2.86988449916595,3.55875603724792,4.96987610371826,-5.19960921885083,6.54245409880856,1.18274050235414,-0.410413665091604,0.82934354434098,-5.26119831666764
-3.24725303564914,-4.6063978400947,-0.4441142164118,0.920471558235955,0.00655519098253857,-1.12257355547905,3.93171023491881,-0.170288086060542,1.3276332011937,-3.02196667044972
0.812646333233711,-0.764642821913399,2.10151802826588,0.295078543908476,-2.37965821214438,3.57423330865841,-1.06432485124283,-0.392318471959277,1.16328791644443,-1.23318118141401
-3.22316232910539,-4.40995643941387,-0.895619110727748,4.96280742023414,-5.34062419581254,-0.576544302933337,-1.29857367672111,-4.93371545723101,-4.39598591699685,-0.913906619819058
-0.172807442867395,-1.90410813789698,0.965424051001145,0.273558384673033,-2.34916472083502,2.48406204868091,1.52571862812629,0.240042452426565,0.149270124298897,-1.85446756697098
0.766660489241015,1.10487534935383,0.617991633117196,-1.42258960605937,1.39053219201115,0.700700684118371,1.05649983442887,1.50438142701085,2.49707279601434,-0.743682582478228
-2.70401639676484,-4.22294845192813,-1.52331559431975,1.52592839820357,0.341380198674513,-1.22220233411323,0.489392956663418,-2.6092066810191,-1.51934389704166,-2.05686592262254
1.19108395133339,0.650980382731444,-1.09625916817961,-1.15619802364793,0.772915065441313,-1.0181941150115,-0.415293183183016,0.563424949600299,-0.27373059018272,1.44883915984556
-2.88861930136054,-0.496990016606748,-4.8057724966941,-5.2247309178087,6.96833313522475,-10.7998169549057,2.22328212683042,-0.46983216817858,-2.11705535896927,4.00129302494119
-1.36685470743229,-1.46571783363627,-1.2837770905692,-3.65650726255431,3.09932814394194,-1.5974435447095,6.5285075347185,3.67366269689075,3.91730964069794,-2.50986793133259
2.15319172268692,3.44433916413973,-2.36961743893121,-2.64752109016093,4.25901615737799,-3.4762193436994,-0.831218442722893,1.63661734940707,-0.900751356833666,3.79298911065354
-1.2501103898127,-2.66481083878024,1.29105429212163,2.07698596372156,-2.66065152467718,1.88831820042158,-0.258243516710594,-1.26522959167938,0.250167740911807,-1.96807011972896
-2.5759657408509,-3.38095195775018,-0.43301713114295,-1.20763095252816,0.540408518470632,-0.252684747842667,6.38015614312212,2.80724567700462,3.55440319062737,-2.98653284555795
0.2772062234716,-2.28453082885329,4.92773955584671,8.93820549744309,-9.91922042174915,9.58812714034439,-5.54557989164622,-5.13238680705512,-2.90197839585755,-4.4688370501876
1.71627647270325,0.654781456121047,2.89587689710314,1.36927997613472,-2.55229818313307,5.11618840122062,1.03058698186071,1.08260510180537,3.24157889087234,-3.8062286320398
-4.71922643141953,-5.41535592219421,-1.3370438368086,0.294882420046551,-0.816061548930228,-1.38062626510167,5.84489596007414,-1.14287213837708,1.57004374402671,-2.70705124478222
1.00578256162095,0.590631478566705,-0.576271453770316,2.5688497812384,-2.97055414151972,1.40942829769345,-4.46078803316844,-3.25901775771359,-4.74989311202641,0.947711445489083
-5.28200584723507,-6.94596940611545,-0.505049334677424,1.03282786613942,-0.55653617854491,-0.724928512983773,6.94491279780428,-1.22528494049515,0.63421779015119,-3.97228703738564
-2.46698057805813,-3.98099290949691,0.745016308442526,3.00533583768406,-3.17472914554674,1.35407839946183,-0.484149913528938,-3.29423687596259,-2.9066153605643,-1.36174481898443
0.242588925870561,0.114734065920982,-1.05304778853954,-2.00381955490172,1.99590521980687,-1.91600561652036,1.19887510106265,0.816124350582888,0.760235864808942,0.946762196990766
0.434879387198334,-1.39042457871159,2.2410322617346,0.601971020016307,-0.909750260038129,4.77775196594719,4.97541864013275,4.4439622869214,6.12768262094103,-4.92144986677471
0.661848228849058,0.376114656283687,0.0269986142540821,1.59285795245929,-1.06967237387615,0.18798328122623,-2.62232139514638,-1.49642643557868,-2.71622312296235,0.738039376673162
1.06444070658969,1.07262145644581,0.497152408646743,-0.375161659745147,-0.728441483888648,0.693114890570295,-1.21192237987106,-0.0650961296792703,0.488173750709619,0.34199882104698
8.03287070854338,8.60247659066285,1.68557476611169,0.538812047021682,-0.709524404781447,3.38247674285166,-8.59508899650299,0.893832626661153,-1.64013268371859,4.89130725823808
0.176770086255479,-0.675888123789509,0.346381319551644,-1.78524480830701,0.728670236422365,0.353595693269713,4.52970722488114,1.02687410124213,2.72164488686163,-2.33446362923899
-0.542049036252294,0.592188079591718,2.07639317255172,1.85644614531652,-2.67162738000501,2.88997003764543,-1.77858712487962,-1.1458984427607,-0.589672538998529,-1.6086507467538
2.25079928579588,2.85342627112554,1.48699863048612,-3.12955799294449,3.34912549304367,1.95357496708888,2.81803472640435,5.26013862691118,6.09570433347317,-0.308819429526287
-1.81575773463869,-3.44388054911706,0.256891713548325,1.7466688885064,-2.88672803333809,0.0392545582120385,0.644365886480773,-2.10298210039127,-2.09326812266898,-0.76611783954627
-0.68609367019107,0.16837951790274,0.435682235476386,0.318791150263085,-0.389044278350342,-1.00091780715511,-0.455001406579164,-0.988613115513315,-1.79615992867311,0.663759323873756
-2.59356694364942,-1.18594427828323,-2.26201653145228,1.08193507991464,-0.175908358676979,-4.32877047445495,-4.27415975825098,-3.34666203255632,-4.95031399454339,2.90398952034533
-2.5680943278153,-2.01418189583161,0.0614757751009314,1.36922426491185,-2.65227088980836,0.377770851049114,-0.903506284577323,-1.93623014735883,-1.89868084523048,-0.548949073597456
1.80728129227945,2.86800256405654,0.27352384233141,1.11018989564795,-0.875797993640368,1.51658066945811,-5.52016624510619,-1.38471368612669,-2.73255975415423,2.41020983416682
2.64954228438092,0.0154639146827774,3.06451374596141,0.175540426499113,-1.82525334422411,4.71418422441351,1.24500281916463,2.53500147015993,3.78470537214645,-2.83571680112708
2.07001331052572,0.895711193148484,-0.0184026968617519,-0.471065952291598,1.45783213687728,1.0108482512169,0.510704957189839,1.9577702806193,0.872624079800026,-0.562734221159754
-0.313144463555507,-1.16805586891789,-0.409333245897927,0.321816438622692,-0.270258206976784,1.30912977181477,2.19621016312731,0.00919966336047863,0.32033775997887,-1.04455997818262
-4.71684439771044,-4.74745231679366,-1.29711030564108,2.30805226932858,-1.18243405535605,-1.43661428078919,2.03738760974708,-2.93474360189897,-1.95576773695006,-2.24923519088781
-2.76055790895663,-2.14467455142758,-1.02825312614445,2.30130216969163,-1.96247135888786,-0.218583780745224,-0.690190261443196,-4.22049153054088,-4.08393705893373,-0.330379810877312
-1.50541316149093,-2.02703515708503,-0.593938837357767,0.335264359471127,-1.30594283945943,-1.23814256357346,-0.482394876493708,-1.89984027550657,-2.90827435099504,0.728687455614636
0.205580222096179,0.0206391264030545,-1.32429765807348,-0.67154033814853,1.14355093090587,-1.30555564469077,1.44628834585642,0.826193585330998,0.969103713177618,-0.0420840127512084
1.15104341173601,1.54076130307861,1.12947038356448,-0.725793779380404,1.18812463078826,0.887024076863362,0.571354491363443,1.48858807824346,2.32448207388,0.480387665139544
2.41678897782631,1.38519246951449,2.73253286550753,-2.60253383996561,2.78376344752277,4.41131304013145,7.04406476664696,8.02055969165947,8.99881712484874,-4.54920111355628
-2.19821591228583,-2.72357304050619,-0.056551449393362,5.13143712246984,-5.84597345662171,1.91761700441624,-4.07152311722756,-4.66672340875035,-4.305284659997,-0.734045572492798
3.97997109874385,4.98028086743657,-1.15707889765969,-2.6031022999735,2.32648767009189,-1.0542766880108,-4.54416887708858,1.3210281835569,-1.95091843477439,5.37833171512523
2.42758752831358,4.70004217238749,-2.38948784827997,-1.70789103150065,2.65189642205192,-3.56977051211508,-4.60314436808926,-0.449343251386048,-2.48122004051372,4.2769069320058
0.432687267060613,0.491016585004125,-2.48721654672776,-2.90138351734578,3.27789223989281,-4.42456684840668,0.0794305614781434,0.783314357016066,0.0695646097336942,1.24548038812318
1.23338900825091,1.26976382014303,1.94416502485226,-0.70233401133731,1.45417077558723,2.26256142871016,2.35040658372498,2.12589865163188,4.2368451012123,-1.60222483971181
-0.262055429402168,-2.60777836637725,0.108603667910822,0.291665367511916,0.763947027379734,1.52670318307611,3.17031422270671,1.94460399866,3.88312164847588,-3.76938597763143
-2.32443466178936,-2.48874409993811,-0.310518414606445,0.408494898407347,-0.798658016024284,0.666235306191216,3.63871611162859,-0.00650401237295294,1.64225838501857,-2.27860366020581
-0.73071281841851,-0.617631429735911,-0.700205166038287,-1.41677068399062,1.0738400560139,-2.85625399844683,-1.13950012478667,-0.214561853601548,-1.92139770867519,2.5861723212447
1.17061688022453,0.669315408771404,1.02811767792157,0.35525793927744,-0.0804323412793001,1.1531197864083,0.252459774057812,0.455519004139337,0.747624969366204,-0.554732268554823
-3.42852483154779,-4.57722470937511,0.539001575101714,-0.66819204493512,-0.408122466853327,-0.78716886910929,4.96342207713496,0.629110636260161,2.36931864659204,-3.83007633615772
-1.57837744269899,-1.87085786216428,1.32212663502431,2.4867728668101,-1.75984378548625,2.09762017414746,1.02839767442892,0.855851579544346,0.588894895696555,-2.45505247637466
-1.89598196355048,-3.88140189676231,0.711119284631463,-0.145685725136243,-0.454284329590176,2.81905589210406,6.86223949850815,1.27745902333414,4.78327408777205,-4.42346966959803
-3.1012350382445,-4.11380250615938,-1.05668643033935,1.57320994986977,-0.927086941926571,-2.03463644264062,1.10276013248294,-2.55891247878372,-1.75233403029836,-3.17330515279822
6.2384557617316,5.69864780349596,1.53410415272231,-3.70412626119256,2.27923036534342,2.56147400632443,-0.706810846078439,5.45769433948477,5.15389955132492,1.51012607336186
1.07306533490701,0.37647624326207,2.09036169294353,1.38922999220372,-1.67879531031057,4.07262549795402,-0.0888702580297026,0.721420047288315,2.41587887094107,-2.49600871209109
-0.0588031190856889,-1.07550542762104,2.72587808861104,0.265542233697475,-1.11825344457532,4.34638498256698,1.82752597666806,2.36662760060684,4.7536163393656,-3.1168993736935
-4.62734799120701,-3.37577515834153,-2.4105990319601,-2.62985324706566,3.01347826093673,-4.7867722377949,4.44409105342811,0.260268505819561,1.18924868031172,-1.40971420927316
-0.101794997394036,0.249434084274483,0.0665950262482832,-0.27361115110443,-0.256595587128803,0.335744349590718,0.69798881215622,0.19000371321267,0.607899538115183,-1.1143807015761
-0.188306830075817,0.390328508957912,-0.000556927289785971,0.0447247366656263,0.773963078538365,-0.399504239468906,2.17836946813667,0.662675652743731,3.03720342748388,-0.653988536778013
-2.68685733523355,-1.36404501643558,-3.41115380777003,-1.30126658111725,2.80165973295008,-5.95846404845225,0.942929801629664,-2.00656618190026,-2.38468822963612,2.78263099117101
-0.669253753387836,-0.673550538537579,2.04982235383417,1.26434195731296,-2.43186168995988,3.03288826183819,1.84271659556961,0.990826880017455,1.22168372153803,-2.81047430860566
-0.330813510930978,-2.07960138522434,1.27496914438564,2.40785665532317,-3.26835755119786,3.09828985830061,0.413133626248427,-1.18444544795796,0.263011504555381,-2.54616417260031
1.80264483381481,1.98442158140848,-0.176313946426736,2.37670278879515,-2.91167303588554,1.97513267713706,-4.5179050135234,-2.13809190796438,-2.56375103944459,1.07482569200939
1.83982180493167,2.19249560033327,0.323042619419329,1.9217665588038,-1.56690038951832,1.63330884666289,-5.05603586902643,-1.88450262076782,-3.22122959236247,1.12880688778953
-2.8349444729438,-1.78432258300371,-3.30257867329319,-4.90570205559387,5.55588009432988,-5.6213727200707,7.77834872276162,3.59888406472181,3.95867487433001,-1.09097150886452
-0.262235684353732,-0.544971847563436,-2.13686120146856,-2.38547439026437,2.92145409480532,-3.80687311369554,1.57149870002637,1.90137043998476,0.947335991779255,1.05586805981052
1.88092650680111,0.636327958034033,2.33353598718819,0.0523697254586922,-1.02891419857648,3.64672102880264,0.194905531301295,2.54339057990881,1.66658141267237,-1.12732476817405
0.0269649027543541,-0.656332011260225,-0.0855755625340871,-0.964667383227935,0.63479437712033,-1.91934573181185,0.525998710167179,-0.060335845750598,-0.0226253266452366,0.602640097737905
3.20133520623643,2.33111403034639,2.36646036418464,3.43454517593538,-3.64357217311547,3.78432908682802,-5.42674472430301,-1.0960364102162,-1.06680039976361,0.74931793276405
1.66896060362292,2.29900394021164,-0.461557999013748,-1.66058126445474,1.82524322871251,0.0450238751407481,0.885080693834204,2.75578606690229,2.05356523239338,-0.019546490383259
-3.2821709775152,-3.08115903064608,-1.84921556120774,-0.289514211794793,1.36696097938889,-2.26091800009143,3.00253879045025,-0.32240148298659,-1.33149712231449,-0.00115764311196195
-6.61024343311142,-7.1490109692654,-2.3423380100435,1.06751994224083,-1.71092455770512,-4.08806648913794,2.68011257213287,-3.22230929701074,-4.08254379137456,-0.593745502616346
2.19226261537705,3.70766760303333,-1.62170008868828,-1.57310873908699,2.64370993105353,-3.06227671312675,-1.33018713211748,-0.571039708381448,-1.78410168882471,3.94476553446801
-6.28496535997205,-5.5521469884959,-1.6803280680395,1.98193516033678,-1.99070070536849,-1.92457593653513,0.892535336729802,-4.51843150925234,-2.629538202228,-1.07491263822901
0.853164804847414,0.662504200973863,-0.39303189729608,-5.42437454507943,5.15040811009272,-2.27355109665999,5.78573045656589,5.39076780413941,4.80678812938999,0.324423205419532
5.31794565090158,4.25587400220535,3.16223679147113,0.0424563304514417,0.0166374972224585,5.25100587129028,-2.33189866443512,3.47819590585343,3.28074460387245,0.0291343543462216
0.786906501548613,-0.353316266037613,1.25026631000923,0.734962405644616,-0.917321128477619,3.09999159287457,1.43033804649912,1.78865193611338,1.83586698563312,-2.38046511632583
-1.03924082299762,-2.00239198616775,1.69710247258814,-1.27914215217908,1.54483111281391,1.9951246251848,8.73155292140357,4.07995034762919,6.9227646426467,-4.47142481568368
0.666702148101128,-1.30206011651455,2.96734490011671,1.96767288693246,-3.86782019501531,4.23590906962309,-0.00750260824055861,0.32979088964555,2.25187117342559,-2.65628166568897
-0.509470611301483,-1.07871558200174,1.21538985713863,-2.10477632365257,0.648028325176739,0.978827471848077,5.84949302889454,3.43328472272949,5.75887900615815,-2.22621931157498
0.565479629702183,-0.609960572231629,0.510083256407455,-1.89546336776181,2.05117944533412,1.28486383267152,3.17869141569045,2.98571772782271,3.26425772464025,-1.41468851756479
4.35385068067535,3.83812218812261,0.0734567197413002,-2.68919790182524,3.06354365753736,0.403561412739455,1.71221334543525,4.55939105241666,3.88357908205533,-0.154465227690509
-1.41190657529615,0.865685585584763,-3.12687544657674,-5.93623406214398,5.80441066780572,-8.19811557852324,3.48592154312441,3.23292941050453,0.138045762995811,2.82086574654577
4.66608035562168,4.02210134566697,2.62975568181627,0.534605558314524,-1.61687369131432,5.66017692671398,-0.836308285735426,1.5896996449056,2.7821293077159,-0.31835425312459
2.28546104325542,2.30520747408406,-1.75856242723445,-1.83197896775196,1.28137758027411,-3.78004366394696,-6.46069038378304,-2.17033798155781,-4.9511025058168,5.35546845846536
-1.94602567295095,-2.3710740657517,-0.249917029710741,2.8497222775058,-1.81827192943026,0.0999018364373885,0.655332427827927,-1.91022088971811,-1.47729631986666,-1.24027002566876
-2.46619063091475,2.87471983566869,-5.62115787202032,-3.91319263992029,4.6809204155143,-11.0024029019605,-3.51773417292838,-2.14133375980352,-7.0745712077738,6.74503788028717
-2.95441974754465,0.102505320441619,-4.53456975610345,-4.64363328382019,5.22935756252531,-6.62084236247837,1.87452300242602,0.889409114988539,0.534085554693018,2.22753049814312
-1.42336148878097,-1.15760443962131,0.263996429926448,-2.68683477884812,1.91115987661324,-1.00755031072314,5.6647437359833,2.1924669304837,4.73129672978506,-1.03796426187447
1.28510128496819,3.73490956468181,-3.1000509882945,-2.94458344499246,3.44104822882377,-5.67088526611528,-4.3807865891549,-1.39345548325718,-5.2407988365169,6.08306876373216
-4.35706408472155,-5.27112479360342,-1.84507253881153,1.6934046728518,-2.31180405939259,-3.48677984304436,1.29073554687876,-4.23134055659948,-2.98438353986217,-0.303987856545966
-1.35323695892757,-2.97768899496624,1.85732927552734,-0.457491990128421,-0.150418047122901,1.93643602009377,4.57551079021397,2.42560481214415,3.87633837043417,-3.68412702227468
3.61131719373027,4.54354759161802,0.261341121562377,1.28294367706229,-2.16486744980751,2.33226573140684,-6.06728095323755,-1.76435006456991,-3.01554863565906,3.07540750869795
-3.36584038665747,-1.25332344773872,-2.29818303188367,-2.82895520173291,3.45943243144439,-4.23317631417506,3.56646428994308,0.231118284290961,0.492954441885703,-0.0645380685446691
1.96065217914633,2.18345109870591,0.190715213462777,-0.557413928650881,-0.0696332143521382,0.399246878100994,-2.77076103643245,1.21306744188164,-0.0747325954216351,1.9540926690342
-1.8590736823815,-1.5849373608587,-1.27530724586433,1.54451979733836,-1.16690350293901,-0.809392907552952,-1.42209113201807,-1.78976635626892,-1.62996560309116,-0.0335455958347162
-4.05081709603154,-5.29546849670372,0.39810829248363,5.62488080205711,-4.82850070314554,2.06880723804018,-2.27339567503555,-5.20034205779146,-4.01129187822198,-2.40870346920743
1.40398364803057,2.0844177292349,-0.346802442678566,0.380102882685363,0.250794199087757,-0.263977112524064,-2.85788530955869,-0.709152372702378,-2.05487001300926,2.11967245196363
1.94527314371361,-0.397902865837365,3.00289872144801,3.76710442201681,-4.30203543176358,5.44207712360363,-2.81384624135336,-0.898525633631214,1.26696777966265,-1.14373091370119
1.15569518217171,0.292561856352272,0.779139891685177,-0.920722870308508,0.336649834226944,1.2728280588493,1.62457769353822,2.62443550783992,2.31884193181579,-1.67694497510824
1.82749363805842,1.63553007295555,-1.36692294596388,-0.843289590659233,1.03491411882769,-1.70454589468131,-2.62554278564928,-0.248480372241384,-1.65288939642179,3.07951814401585
5.0397648331622,5.06607991099874,4.53657550391843,-0.242119879794749,-0.513421789198663,7.10982820614423,-0.962969935320222,4.10749871118759,4.65528204838605,-1.7269476612773
-1.97426644961853,-2.99713125836879,-1.53170059341286,1.23454071722899,0.00139668786562375,-2.82796911118117,0.815109869816223,-1.1515226024576,-1.17018575941376,-0.338934041279228
-2.53169619840565,-4.39699522780619,2.99337021001495,4.27302123935578,-4.78700240677396,5.24848773631894,1.62731648650639,-0.867469102982406,0.635628616014612,-5.42139929679903
2.31906600188156,2.88906725073745,0.00387969620132381,1.25068961348209,-0.719497162055777,0.436601066406128,-2.73292236349385,-0.0574092440264475,-2.15999543041623,1.38810343356911
2.86359428624678,2.47218195850179,0.741677845549338,-0.995298401678119,1.3845593957563,1.65281156767946,1.68705090020325,3.98277338762776,5.35758782933607,-0.789295876624992
5.4396091694549,5.74251912509785,1.75499979665674,-0.503297684152152,0.300913502872477,2.36583061506375,-3.72164358815597,2.8129188522914,0.871875785339151,1.38886763489118
-0.40657898547827,-2.72996556629304,3.90017841683639,3.86057598641077,-5.87629886989064,6.9422105550311,1.22350711808446,-0.414946336093491,2.36851278154457,-5.0976635384728
-0.787414740290803,-0.84385755024549,0.799069624669216,2.36506443844931,-2.44382930075978,1.67337077228291,1.30432004945251,-1.32686083141576,-0.577612753208847,-1.18632623540911
2.59067638228241,2.72439243344406,2.21921139904532,-1.65627611268199,3.06295575523726,2.28415056556423,1.50231660895787,4.05535698518261,3.73628389168999,-0.891893937543928
-2.10018650762512,-3.57255040469367,1.46486771188968,-0.285690933355177,-1.13515226382706,2.32528915369812,4.0264055413731,0.494407717207278,1.2599677626517,-2.76127803085472
3.9521275126703,3.34383604282169,2.67204961020135,-0.825202764179152,0.847464997858034,4.37447330617468,-0.390363035554243,3.24935697128231,3.33047359222574,-0.502032791508135
2.16033604309105,0.665209614544304,4.80886046600796,1.96717487423362,-3.47067785394315,8.35976835885247,2.32264847296297,2.92558209835637,6.4981686854797,-4.7143954030924
-0.743529864703006,-2.52138105114152,-0.0831566603121212,1.98717333974592,-1.91659292326797,0.64975499101339,-1.43979726895961,-2.91453490275278,-2.49754353037091,-1.18255409211245
2.80747734673149,4.03408612051886,-0.299859183912776,-2.58440205276992,1.95115343918717,-0.0168396154498307,-0.94743266947731,2.0239802540615,1.91631473763382,1.53315157945864
1.52353024016916,0.679259771312342,0.0124523837618997,1.39993843987263,-1.43138596295552,0.959412220014557,-0.600069135804829,-1.14468487804594,-0.408305981017534,-0.613723144481225
-2.93705931430001,-2.36619746091625,-2.11051462660205,-1.74768172443459,2.13934031109323,-4.4579276028239,3.67635041585923,0.720394313226905,0.239713593378799,-1.13452454721318
3.58393204806603,3.04380622844512,2.49905667391916,-1.82769959144909,2.02918565005173,1.77223508945628,1.29536047903737,5.09306781492215,4.77447828085034,-1.4139285360155
0.0449600914352818,0.142864671021826,3.91554728550008,5.62645481215673,-5.74286304711901,5.55990098513217,-4.96779438083568,-3.35515017217418,-2.52935128760673,-1.13841003671857
2.45263626428237,2.80554086178681,-0.800886163551808,-1.70293435300253,2.80751375119948,0.255863717024686,0.63675786670129,2.19829722143681,2.62441676053777,1.82173204406897
-1.19402049192023,-1.31470875257759,-0.0263031283826223,0.535902761915181,-0.888664453356274,0.380865624178441,1.00053563081826,-0.859697715705877,-0.273912822027177,-0.151385080207204
1.67695819714485,1.19858994234969,2.20586280788664,1.48516592100612,-2.35305117950251,4.81420469789144,-2.25174779076804,0.110102490894858,0.42236347155646,-0.675437917861086
-0.371320931438248,-0.667181369211323,-0.751684382283149,0.641681043150443,-0.662342966078537,-0.632168160119672,-2.25797164313561,-1.45917540253861,-0.967656689181712,-0.301128000857719
-7.89288768196805,-5.38416187943443,-3.96178588746298,-0.749858780835872,2.78148400871841,-7.84178370451284,3.9987458664021,-2.53976166842029,-1.60505472751168,-0.142745815521743
5.19312019917752,6.85345356801459,-0.376069841271251,0.122410420739446,1.63738293236421,-0.870362287110142,-6.68737130231916,-0.616340144077077,-2.55052633365905,4.55549046845251
-2.93221357714444,-1.31414834320945,-1.64993272920166,2.59044536772955,-2.07232649500191,-3.01610578301498,-3.65837457792218,-6.00231712500572,-6.66322499681519,1.62062127133085
-2.87821293593326,-5.39797988223113,3.03575382262857,4.39492916829334,-4.3602724555427,4.82413365688935,5.35554924873477,-0.48030576814666,4.09194372627122,-6.66234642699691
4.6924219501099,6.67920344575451,1.9236734132387,-1.13983646323366,0.970737440926965,1.36240495842175,-4.23648631737386,1.61003007303062,0.0291865659763631,3.07165791044503
3.78924314706799,4.89245937824221,0.0533128250183294,-0.919650230344163,1.3366988388971,-0.206074822584741,-3.95705864518839,-0.00375514781906346,-1.3785999480979,3.04197140719176
0.625851176889832,-0.442514710004463,1.74526893686792,-0.745828090642634,-1.00415858079803,3.12702085780086,2.63566859047302,1.84992252718493,3.10751064032224,-2.54133354696212
0.524231407870101,-2.3658718095461,4.10352226230689,1.77236687543246,-2.00135846347104,7.1695811754712,4.20974610864903,3.31131693420582,6.34726900424899,-4.85320575564768
-0.211947435923131,0.975694973495834,-1.873041826085,-3.45608074044328,2.89711536152219,-3.1573637406096,1.26343634214387,1.90513637569841,0.250076529563575,2.40979892042909
-1.98814304976925,-1.87424690129766,0.680320842782996,1.65077008827423,-1.14649589352021,0.442522367562242,1.13811599474121,-1.10744639500078,-0.535122518683982,-1.68278590545643
-1.55857625523191,0.257719085234019,-4.23192488411541,0.309936405991348,1.17381752367071,-5.76116308935644,-4.16624512397979,-3.8161243075603,-6.18847151849674,5.39590192994461
0.987982303634739,-1.03445493666675,2.5274703490147,2.74298286003303,-3.1071533114697,5.08717872983486,0.973879806880478,0.105652989350156,1.46353311345329,-1.95826585431824
3.92698539452488,5.42526935750923,-1.21705556292997,-1.005840543813,1.04722823074543,-2.63601059637121,-6.7967159665899,-1.23028640345182,-5.00393170633236,5.3670965156187
3.43607960039639,1.81427570398468,1.26054252252267,-1.2637439280005,0.712283022247507,1.90603902873057,1.13741911309547,2.450421074962,2.40675472836012,-0.526526466986137
1.2981047364208,-0.591124294271421,-0.282047718687666,-2.51650601276904,2.03577719177911,1.12558059775961,4.67454258740548,4.01541311482416,6.30912491874588,-2.15677057786814
-6.10926265196158,-6.9123053350871,-0.458034342184042,1.46882354022978,-1.951883308029,-1.36011071471781,4.95045002600973,-1.82009160742489,0.149677107802426,-3.3333080112088
-0.095923426083052,0.751546543843472,-1.38175335306811,1.33585404303138,-1.61925441052149,-1.09385856460612,-3.46648040865144,-2.97608437172662,-3.99192561753057,2.49473616983645
-9.01381260099599,-8.25326721502782,-2.8746226005521,-0.85114481205729,1.71642883163313,-5.68259981355775,6.66821627180496,-1.77814184066389,0.332914980752074,-3.97842019414827
0.170348154893573,0.317461088731032,-1.82363885247399,-0.0809793670189283,0.696038875842682,-3.23361772662934,-2.46482200901721,-2.28836589992388,-3.20631525252675,2.48695858784333
-0.651358197695509,-1.08124033371899,-0.765046316980242,-0.165301397603519,-0.318275899104581,-1.55460064870274,-0.993762005883589,-0.392676436031854,-1.77071567404635,0.841778478229269
3.49665752980376,5.09285044188437,-0.228818689440056,-1.67580804857935,1.76749892272782,-0.815274920340007,-4.151169577776,0.813420580060533,-0.757674447122253,3.63423315979865
-1.60254388664466,-2.10557138459983,1.24226054996493,3.04619039849162,-3.54950599371685,0.694425724460992,-1.82550131095434,-3.22029160250551,-2.21430299156957,-1.54922207113624
-6.35918772200788,-5.18891554953524,-4.01869228524716,-0.884127070921306,1.9034061798874,-8.21263081172127,2.5156235257514,-3.17632106027233,-3.45733392491828,1.79850714191069
-3.77096558574797,-4.05912313512839,-0.464547149099485,3.4857910844682,-3.41173060953017,0.714902798522893,0.76126276868319,-3.0448757251288,-2.61921579305831,-1.67093893676551
3.31271983546445,2.52958090759493,3.11507685016563,4.35919717045739,-3.52358325952572,4.75305375014626,-5.05000559438107,-2.41628524013518,-1.19170832814246,0.516321016813395
1.55958225739142,1.39100038511997,1.33139615314619,0.122614185874537,-0.386951829470592,2.10284061324212,1.25042877143883,2.17183655087135,2.58767381280042,-0.509528512507566
-5.0528302877691,-5.8435786388351,-1.77343367414423,-2.17542334969594,3.35112353132086,-4.48355185784104,7.71823119804171,0.664133764560476,2.02232765292903,-2.01468185629311
-3.27973751426306,-2.38092282003318,-3.58675043354993,-1.60788096645696,2.98972919878991,-5.46038465570993,2.26317532322844,-0.642771403441088,-1.73136184172182,1.18901757302046
1.16846320729076,1.17714374654759,3.43302747779489,4.91747503539914,-6.14517935137982,4.96351061219134,-7.67337557358347,-3.75419290958038,-4.93561135227581,0.449719364396315
-3.24173130841101,-4.09861235452293,-0.141247718260895,-0.0585332098248739,0.689737773008785,-0.85987198302069,4.62162958804072,0.81733571788757,1.28309791274859,-3.13545583396234
4.4433469716406,5.79046436853943,2.98462852295035,1.96238650066109,-3.20028587207846,5.68834557007098,-6.05003561301005,0.106294791556543,-0.0911488022802676,1.36515876308943
1.01488928515575,0.547352044321228,1.24150356704569,1.70746100446059,-1.10746902735835,2.970113552786,-3.02403000239283,-0.834616706979261,-0.805491219157892,-0.735089759031431
-3.647153240026,-3.5663845573489,-0.783749398599391,1.86164837099736,-2.09878014815356,-1.89813318354461,-0.933217265076884,-4.92090282489105,-5.20612602228128,0.359619379006905
-2.46729110842633,-1.38230399220008,-1.9416768165421,-3.15309739431255,4.2610388595092,-3.50878403935307,4.14174756049767,2.50151043305144,2.70025303255197,-0.645388532646648
4.56102230571702,5.05234613948254,0.930959152239215,-0.163349866053743,1.24074892180577,1.30137424067162,-2.46328834274631,1.55148329450471,0.288661686834753,1.54288634170799
-1.64866966462579,-3.01068183192191,1.26909137246094,4.2073321272157,-4.11076259659467,2.64796371757803,-1.58244628950146,-3.22559406597062,-2.18733170978834,-2.76201014287185
-1.7501284324207,-0.36378535619208,-0.847394044504596,-1.56920430120255,2.08962416420554,-3.45482828401011,1.17472515266399,-0.618721786312237,-1.12266044653432,1.65633292962376
1.87221738429675,2.5051112684194,1.58720399622329,-0.226769690978187,-0.677100232359809,1.79231451013256,-2.33250718111375,-0.512372402243663,-1.15363608488382,1.02220000527973
6.35656881931317,5.55351909499959,3.27687521437918,2.59094441993565,-3.70366690425197,7.33860786175139,-5.75679335409398,1.05470981229793,1.32660876160102,-0.329015447876262
4.61347325173723,3.76307647558623,2.03717721194109,-1.85643924783956,1.41160030638128,3.14036291295762,-0.191727305255889,3.24333603326979,2.83616135596957,-0.245421391902674
1.80819330010501,3.58241576390408,-1.38953332587662,-1.13698118134269,1.21699220332125,-2.37031385331579,-5.02438892220032,-0.759747746794587,-3.00159939259462,3.3582472028309
-1.33598732309576,-0.872391782232759,0.267843784204955,1.0539507348847,-0.842716311366983,0.255851795452572,0.0340921588471278,-1.12582256420395,-0.260619217690312,-1.43034590186723
-3.50242344265155,-3.32569854712387,-1.42816179868664,-0.363062062251884,-0.120657050026577,-2.09641739428681,0.192719445462536,-3.25351231635342,-1.63984173647932,0.899368579064726
2.05101007588556,3.69333303522119,-1.3048327499018,-0.27596100339868,1.9342344440257,-2.76755968307515,-5.18517316277953,-1.78464899882762,-4.18708151165076,4.3432340274322
0.627798765637067,3.45780903813662,-3.65480668587343,-3.80052439977417,5.274939529794,-6.29481940039647,-3.83455388733733,0.219044028456326,-4.11638125706421,5.74886776155518
-0.463086441532505,-2.2403944847031,0.57176935194185,0.447454851723233,0.0872780972210279,0.230858006839759,1.37227078107654,-0.814742349509004,-0.0415603819743801,-1.86841274084933
2.82237766844382,1.9050604303341,0.6884105175184,-1.80625343554445,0.882108240574335,2.53642521598556,0.891181401106354,3.63360619930779,3.83005279437889,-0.8547202944402
-3.09507537967962,-4.41506441181627,-1.01207388505747,0.342865665841464,0.321984622855024,-1.07544424113455,4.74587521344154,-0.779800020736805,1.58659012889407,-2.59496636036637
-0.0453743938435234,0.489178896620929,-3.49299947155488,-5.66055188961117,7.36189858544521,-5.98237115655486,4.69398935438951,2.96465564205277,2.00534149794817,2.32942742034662
-3.74417564012735,-4.91885902169899,0.568176071957966,1.737226876688,-2.09819558225769,0.42638649295869,3.22532489502532,-1.18322697527129,0.331246392992792,-3.5656970592448
-0.291237744991189,0.050497561006573,-0.792150622136909,1.55015298430168,-0.887868817849932,-1.03971445725927,-3.08636225981767,-3.11759422465193,-1.62858282583466,0.655361973824442
-4.96537334410674,-3.9472296402347,-2.20160339815407,-1.49664631854104,2.58763907446884,-5.04180179758441,5.27953956693213,-1.28586148493084,0.420596334968869,-1.07846165305986
-4.40665511636305,-2.46376170236499,-5.18280102899799,-2.65980938095986,3.14135038736588,-8.87877324965171,0.112847080246202,-3.07198889000058,-4.28602847622002,2.98137293558799
-4.74126149193269,-5.03584249656667,1.08226638942017,2.48286595424645,-2.93995242484517,2.72141817089719,3.01422834378928,-2.08607885180963,1.24969266538928,-5.03410048522014
1.677447594013,2.96609633336475,0.0930011941784957,1.19022366039392,-1.31777323158436,-0.923208745869978,-5.19713958386157,-1.18667448195749,-3.64603228029614,3.77608377700226
2.57642705923882,1.27375548507714,0.385714910155245,-2.9359937613254,1.85914602241426,0.317150972694542,0.976783950139739,2.49163971012721,2.65212639693565,0.766631525767623
0.498991907603907,1.76791881971837,-1.67453164588247,-0.0111824058755075,0.384180406495439,-1.71404919113846,-3.97369123108503,-0.940872156424824,-2.86060080594235,2.90968658311039
3.52407282229805,1.90420901600089,4.88504425838964,2.88285495721809,-4.80556896525317,8.01366371892268,-1.79755524394427,2.41533333689814,2.48174874218878,-3.05039336680803
-1.0475370331625,-1.44245694206166,1.86937138470714,0.265127761088233,-1.87467739754425,3.15288174607521,3.11341761002116,1.16457000782216,3.17696736704902,-3.48775822129222
-0.85208454758289,0.351259484247333,-1.60708152755633,-3.04709966000733,2.76369676611945,-3.85623853414781,1.44858082129894,1.61666296554259,0.503150629477988,1.48844253159629
3.26747395600568,1.92916906632401,3.25252207517721,0.107193848031942,-0.356419427968126,4.89696276352216,1.43306155362634,3.02906131532558,3.99899244343114,-1.70730026942031
-2.2003245244059,-3.13322082707332,-1.44000609791615,-0.603040554617072,0.925143588196485,-2.54458538857616,4.01453214445881,1.26802335068815,1.91223789443116,-1.04049781510723
5.59569068746042,6.74421453012529,1.47916464254909,-1.93263575312469,2.38595565866124,0.499265522928957,-5.59680617406531,1.4609725339246,-0.513482178206856,3.83497623758829
-8.56185729010306,-8.33467686370106,-0.552440432944878,4.76856775106215,-5.06581549219174,0.152346130025559,2.06400347055698,-5.68077960203026,-2.40737985810201,-4.41639789199161
4.29266181451991,4.89064056707425,1.19965564860684,-1.04748554630402,0.243240958065168,1.20288772840716,-3.81067101779831,1.2361115868963,-0.999978216022052,2.47573418469061
-3.13789055837724,-2.32637643637809,-1.19322204016775,-0.917361896740435,1.04855714063058,-2.47830102279088,2.3099111306596,-0.87820155531543,-0.778985651911733,0.34440315965403
1.23721155492927,1.44372275796575,0.227948088695675,0.78030371949021,-0.815076550178071,0.351832588673937,-3.06697568618482,-0.697219120717826,-1.31994510683561,1.31716788260582
0.406661810892474,-0.663534010618517,0.762096522074599,1.09314293510213,-2.55811342694738,1.8055036937176,0.638672608462874,0.290300308210546,0.385366513210418,-1.34478241614175
7.17586227742799,6.29369148171715,2.09850416206515,-3.05254065719554,2.79189104087315,4.10316765953956,0.435824143662637,5.75838166333268,5.986183600962,-0.257922934887399
-2.62223670144984,-4.927898951177,0.97563310687907,0.249865742826479,-0.463655865276487,-0.193660165112055,5.4818628842403,1.34796565414906,3.60671895606322,-3.74779348333975
0.573831661492526,1.87013312721894,-3.2172258745113,-6.1131007080647,7.02665187687253,-5.51456369276392,3.16825721814555,3.97363151763367,1.24930428932715,1.8016908226939
1.79953793637485,2.01671939420421,1.87463092146563,2.20591176972782,-3.13433374653584,4.0092203730248,-2.05171166829229,0.388612108149191,0.444115959059512,-1.08310194638175
0.119467618232376,-0.230985322759909,-0.406892188036959,0.286110649146146,-1.20380656522803,0.236434231507194,1.62547825972544,0.570758136404284,0.906181508478483,-2.18549995840936
0.746712175183655,0.633542525458914,-1.53924767172334,-2.2508983475249,2.98065134848389,-1.41523588395712,2.9854853803314,3.58389550388264,2.35529152204837,0.539893077143643
1.29114552595298,3.24797086685787,-0.26447731280947,1.83670503002351,-1.568253546879,-1.9444674859023,-9.08622802336729,-3.83511567354943,-6.19131333902896,4.41745545332078
-0.926130482023907,-3.15814866039666,3.25366441598852,4.86041096047287,-6.58277152054146,5.80896432373383,-1.84154806743095,-3.24392021062456,-0.68630457043896,-3.91622993876978
1.35916524418916,1.54283930027874,2.02021727389517,2.22620077601885,-1.11576431604602,2.15245746365696,-2.83919122197518,-1.4572985658283,-0.935992164832065,1.1407258160318
0.63028665298975,0.640041332219874,2.07489076896484,3.95927228882893,-5.37342388136963,4.63361014964345,-3.81531107270758,-1.95126912651371,-1.53603033387457,-1.84239134090827
4.46895465933087,4.7690934017396,0.278530708936729,-3.47135632060277,3.84210985599478,2.67374306795513,2.08009281240232,6.47155114851855,5.79141797278188,0.276491862071713
-6.56266121073131,-8.93044285987305,-0.266753389880803,1.70995127869221,-1.08236414195673,-0.957361475601822,5.9031549393984,-2.3435813303244,1.01959751528031,-5.03290859041682
-3.5342723479663,-1.93642628916278,-1.70010360380033,-2.18980816991422,2.03122425117274,-3.20148293472124,3.00287206983971,-0.117478566104984,0.34070013684989,-1.14528151284087
1.54913161585883,2.3820336926288,1.5534467449347,-0.107804229038677,-0.527723070752555,1.50115926532313,-1.56532044737642,1.42781774169513,1.39992645437484,1.02221709062239
2.94660415480946,3.36631870065238,-1.52057041892411,-2.90267827516351,2.21954510977778,-1.79526887608916,-1.87120324461218,1.3923009573189,0.272631512237376,2.02306029328036
-0.193482576319501,0.860025281630041,0.0625185288797358,1.33920689631393,-1.56993903670318,0.0725623457772556,-4.20932237869533,-2.67522008543719,-3.63500553583317,1.60202131721274
0.838996940832128,1.30077635234111,-1.33123774883774,-4.51707391554331,4.17107127816826,-0.404632946816207,4.27795557214337,4.46408687932708,4.85185163826173,-0.101768599056285
-1.16225945734791,-0.216039865543875,-2.6097094478111,-3.30965902008531,4.32272858207633,-4.19582090808251,4.06967036304329,1.51834623296139,1.12135434647062,1.07426111915236
-3.14198536981913,-4.95070712429646,0.740660437104085,1.73506342328082,-3.20910221018779,1.42646964281242,1.74477513615485,-2.26762885746305,-0.512346795209101,-2.66185946488558
-0.27272955659812,-0.0193334434200295,0.229787636068801,1.51661900227164,-1.48274663766311,0.255138515630271,-3.01757332286454,-2.19791492718946,-3.01555989836395,0.209461566892794
-0.865264749831423,-0.686315025637677,0.00523196177663276,0.0134226717357384,0.688468404849058,-1.58939814212251,-0.164724538821772,-0.30965361156953,-0.192490764925966,-0.818861592073511
0.528395380819883,0.396245653170375,-1.14543236339682,-1.49866785079318,1.92435333067285,-2.3890478734868,1.41668740700384,0.888392529129097,0.875157054861694,1.29349674750365
-3.0613736591923,-2.59645124991565,-0.195647651584625,-1.46592386739859,1.01309215968842,-1.56449833012963,4.84776759823562,1.67941175717662,3.01302049841595,-2.11861245073867
2.95776291888462,5.44062790850438,-2.03227870341576,-4.62027872504503,5.53624234527239,-2.9263562952873,-0.0232604386546274,4.49728871320605,2.45093135122696,4.10731303926569
3.9611715638918,6.69471123849894,-2.64008765737341,-1.63716062811801,2.70562157261452,-3.70609884398805,-8.0601995059604,-1.80247804954691,-5.44447818579167,8.14071982867958
0.562813872463046,0.45980285844349,0.807779089652964,3.5178639856628,-3.7307365472285,2.24428591996487,-4.2166570279977,-2.53399421440422,-2.0654664021467,0.482041543251047
0.232356218420016,-0.809856152014015,3.60086764075272,4.93089452710075,-6.78792707016102,5.73194680662688,-4.88802145556295,-3.66418350351471,-2.61656347737454,-1.82543704630228
-1.47367350432691,-0.341786804343728,-1.08075887659172,1.9733404925809,-0.873137015352419,-0.797434490015741,-2.22025008828933,-1.77073458389592,-3.02959099958257,0.683577545594699
3.01693361864692,3.83494077871833,1.12469323182912,-0.254342174123718,0.0353288707861341,2.27004453017194,-1.709159417646,0.822162175586239,0.119486003741813,1.61888138570672
1.17428644409545,-0.967969845962019,3.39747229781695,2.57021329429766,-3.91899999511397,4.33301868435952,-0.20487872921792,0.267958227256904,2.0151002136473,-2.96422841568085
